region,pcv_1,pcv_2,calls,measured_mean,fitted,unexplained,residual
raw,1000,500,3,60019.0,4019.0,56000.0,0.0
raw,1000,1500,3,109019.0,4019.0,105000.0,0.0
raw,1000,3000,3,109019.0,4019.0,105000.0,0.0
raw,1000,6000,3,109019.0,4019.0,105000.0,0.0
raw,1000,12000,3,109019.0,4019.0,105000.0,0.0
raw,2000,500,3,71019.0,8019.0,63000.0,0.0
raw,2000,1500,3,169019.0,8019.0,161000.0,0.0
raw,2000,3000,3,218019.0,8019.0,210000.0,0.0
raw,2000,6000,3,218019.0,8019.0,210000.0,0.0
raw,2000,12000,3,218019.0,8019.0,210000.0,0.0
raw,4000,500,3,93019.0,16019.0,77000.0,0.0
raw,4000,1500,3,191019.0,16019.0,175000.0,0.0
raw,4000,3000,3,338019.0,16019.0,322000.0,0.0
raw,4000,6000,3,436019.0,16019.0,420000.0,0.0
raw,4000,12000,3,436019.0,16019.0,420000.0,0.0
raw,8000,500,3,137019.0,32019.0,105000.0,0.0
raw,8000,1500,3,235019.0,32019.0,203000.0,0.0
raw,8000,3000,3,382019.0,32019.0,350000.0,0.0
raw,8000,6000,3,676019.0,32019.0,644000.0,0.0
raw,8000,12000,3,872019.0,32019.0,840000.0,0.0
conditional,500,500,3,60019.0,60019.00000000006,0,-5.820766091346741e-11
conditional,500,1500,3,71019.0,71019.00000000007,0,-7.275957614183426e-11
conditional,500,3500,3,93019.0,93019.00000000007,0,-7.275957614183426e-11
conditional,500,7500,3,137019.0,137019.00000000006,0,-5.820766091346741e-11
conditional,1000,0,12,109019.0,109019.00000000006,0,-5.820766091346741e-11
conditional,1500,500,3,169019.0,169019.00000000003,0,-2.9103830456733704e-11
conditional,1500,2500,3,191019.0,191019.00000000003,0,-2.9103830456733704e-11
conditional,1500,6500,3,235019.0,235019.00000000003,0,-2.9103830456733704e-11
conditional,2000,0,9,218019.0,218019.00000000003,0,-2.9103830456733704e-11
conditional,3000,1000,3,338019.0,338019.0,0,0.0
conditional,3000,5000,3,382019.0,382019.0,0,0.0
conditional,4000,0,6,436019.0,436019.0,0,0.0
conditional,6000,2000,3,676019.0,676019.0,0,0.0
conditional,8000,0,3,872019.0,872019.0,0,0.0
