suite,case,status,iterations,best_irregularity_percent
vllm,vllm-001,success,6,1.069787904401032
vllm,vllm-002,exhausted,10,13.702826546967394
vllm,vllm-003,success,1,2.525083205278647
vllm,vllm-004,exhausted,10,76.00579264674609
vllm,vllm-005,success,2,1.8961932755036204
vllm,vllm-006,success,5,0.42608750328257516
vllm,vllm-007,success,2,0.0
vllm,vllm-008,success,3,0.0
vllm,vllm-009,success,5,0.0
vllm,vllm-010,success,3,0.0
vllm,vllm-011,success,2,1.3314025115092831
vllm,vllm-012,success,3,0.0
vllm,vllm-013,success,2,0.0
vllm,vllm-014,success,2,0.0
vllm,vllm-015,success,2,0.0
vllm,vllm-016,success,1,0.0
vllm,vllm-017,success,2,0.0
vllm,vllm-018,success,1,3.1800113571834183
vllm,vllm-019,success,1,0.0
vllm,vllm-020,success,1,4.160475482912332
vllm,vllm-021,success,2,0.0
vllm,vllm-022,success,1,0.0
vllm,vllm-023,success,2,0.0
vllm,vllm-024,success,1,7.701604043067458
vllm,vllm-025,success,1,3.308575286968265
vllm,vllm-026,success,2,6.610143284197506
vllm,vllm-027,success,1,2.742129875138601
vllm,vllm-028,never-reached,0,
vllm,vllm-029,success,1,0.0
vllm,vllm-030,success,3,6.595026185502103
vllm,vllm-031,never-reached,0,
vllm,vllm-032,exhausted,10,17.349253427360328
vllm,vllm-033,success,3,2.2512283758217526
vllm,vllm-034,never-reached,0,
vllm,vllm-035,success,4,6.066849746445782
vllm,vllm-036,success,1,5.931038028042308
vllm,vllm-037,success,2,0.0
vllm,vllm-038,exhausted,10,43.70279427783896
vllm,vllm-039,success,1,1.841862912774635
vllm,vllm-040,success,1,0.0
vllm,vllm-041,success,1,5.446494842722224
vllm,vllm-042,exhausted,10,10.138771710354057
vllm,vllm-043,success,2,9.912742204542537
vllm,vllm-044,exhausted,10,99.75677221617225
vllm,vllm-045,exhausted,10,10.391480296831102
vllm,vllm-046,exhausted,10,17.64013967678844
vllm,vllm-047,exhausted,10,38.733773280539666
vllm,vllm-048,success,2,9.512714237705836
vllm,vllm-049,success,2,0.0
vllm,vllm-050,success,2,1.7795022745517795
vllm,vllm-051,success,2,3.9454550001965134
vllm,vllm-052,success,1,8.845694504105197
vllm,vllm-053,never-reached,0,
vllm,vllm-054,exhausted,10,24.765124670849453
vllm,vllm-055,exhausted,10,86.7958486381531
vllm,vllm-056,success,1,9.893559743218058
vllm,vllm-057,success,2,3.0918548525667395
vllm,vllm-058,never-reached,0,
vllm,vllm-059,success,1,0.4090434782608696
vllm,vllm-060,success,2,6.476995883621293
vllm,vllm-061,success,3,8.023614825149531
vllm,vllm-062,success,3,3.4987947633550323
vllm,vllm-063,exhausted,10,32.18449907583696
vllm,vllm-064,success,4,2.5483402257740027
vllm,vllm-065,success,2,9.791532344723834
vllm,vllm-066,exhausted,10,56.002227935780546
vllm,vllm-067,success,1,5.487653237665168
wan,wan-001,success,1,3.745956942350755
wan,wan-002,success,1,0.43880795921794663
wan,wan-003,success,2,0.42979302953850285
wan,wan-004,success,1,1.4495180483312224
wan,wan-005,success,1,3.8307230920809574
wan,wan-006,success,1,4.865577700645956
wan,wan-007,success,1,0.17055844407553783
wan,wan-008,success,1,0.16963386240548192
wan,wan-009,success,2,0.13009869431504845
wan,wan-010,success,1,3.6189333773632932
wan,wan-011,success,1,4.246781226331879
wan,wan-012,success,1,3.532305627214378
wan,wan-013,success,1,5.097050518412278
wan,wan-014,exhausted,10,20.465773071375683
wan,wan-015,exhausted,10,23.44710442000314
wan,wan-016,success,1,4.63518034648104
wan,wan-017,exhausted,10,13.585012865548398
wan,wan-018,success,1,6.137135078500203
wan,wan-019,exhausted,10,27.099494514907445
wan,wan-020,success,1,5.503519216784547
wan,wan-021,success,1,1.5920093747792505
wan,wan-022,success,1,0.9447182023998478
wan,wan-023,success,3,6.725913991763874
wan,wan-024,success,3,9.162603023651688
wan,wan-025,success,2,8.96085906139225
wan,wan-026,success,3,5.531316917545084
wan,wan-027,success,1,0.555112631657252
wan,wan-028,success,2,0.8978128837409985
wan,wan-029,success,2,0.0
wan,wan-030,success,3,0.0
wan,wan-031,success,6,3.369292539996445
wan,wan-032,success,2,2.6102841513693726
wan,wan-033,success,6,8.947147771802642
wan,wan-034,success,1,0.2950369206684584
wan,wan-035,success,2,7.9844312815755725
wan,wan-036,success,2,0.0
wan,wan-037,success,1,0.0
wan,wan-038,success,1,0.0
wan,wan-039,success,1,0.0
wan,wan-040,success,1,1.0105490014422336
wan,wan-041,success,1,0.0
