case,status,iterations,best_irregularity_percent,agent_PCVs_thread
vllm-001,success,6,1.069787904401032,01a0ef48-97f2-7f91-be9d-56fe98c88e42
vllm-002,exhausted,10,13.702826546967394,01a0ef55-4073-7eb3-90a4-62068fab1538
vllm-003,success,1,2.525083205278647,01a0ef6e-6875-7a11-bfb7-8aa02a7169ce
vllm-004,exhausted,10,76.00579264674609,01a0ef70-5c54-7ff1-ad04-fe302401a764
vllm-005,success,2,1.8961932755036204,01a0ef88-a3ad-7cb1-b351-98bc125054d7
vllm-006,success,5,0.42608750328257516,01a0ef89-b422-7c00-a8b5-92241d9495b9
vllm-007,success,2,0.0,01a0f548-0958-75c1-a17e-a18d889218c2
vllm-008,success,3,0.0,01a0f54c-0407-7221-a104-dd8c67c6a14b
vllm-009,success,5,0.0,01a0f553-3b6b-7041-b8de-bc6086d0a39c
vllm-010,success,3,0.0,01a0f55d-776b-7961-808e-f1926b7ca522
vllm-011,success,2,1.3314025115092831,01a0f563-be3b-7450-8666-1bf5e9e9279d
vllm-012,success,3,0.0,01a0f568-15ec-7cd0-96ec-83cb1ee2331d
vllm-013,success,2,0.0,01a0f56f-45a4-7ae1-ad71-9574dd3a01b7
vllm-014,success,2,0.0,01a0f572-a8a4-7483-be6a-b63e2c8430c6
vllm-015,success,2,0.0,01a0f573-7135-7101-9e51-c0a6c266b28a
vllm-016,success,1,0.0,01a0f574-4192-7cb0-9e3e-7795ba3cf787
vllm-017,success,2,0.0,01a0f574-c33c-7991-9128-fa61e57b1bb5
vllm-018,success,1,3.1800113571834183,01a0f575-846b-72a3-ac25-b463595cf531
vllm-019,success,1,0.0,01a0f575-f4d4-78b2-b8be-177c6927b0ae
vllm-020,success,1,4.160475482912332,01a0f576-650e-7da2-827c-f47cf5ec27ff
vllm-021,success,2,0.0,01a0f577-23a7-70c2-8306-db0d7d1bfa2b
vllm-022,success,1,0.0,01a0f577-eb60-7413-97b8-d3f45b1a7224
vllm-023,success,2,0.0,01a0f578-b826-7092-97ce-34294cd8ef56
vllm-024,success,1,7.701604043067458,01a0f579-e2db-7a73-9ce5-af99864d9169
vllm-025,success,1,3.308575286968265,01a0f57a-75a3-7f02-875b-a96615fe7981
vllm-026,success,2,6.610143284197506,01a0f57b-909a-77c0-97f0-e832ef2ac8e2
vllm-027,success,1,2.742129875138601,01a0f580-b049-7401-b060-76cf0bbda829
vllm-028,never-reached,0,,
vllm-029,success,1,0.0,01a0f583-b814-7650-a4f9-062af0b71978
vllm-030,success,3,6.595026185502103,01a0f585-afbd-7232-acee-e632b28c4bb5
vllm-031,never-reached,0,,
vllm-032,exhausted,10,17.349253427360328,01a0f58c-9fca-7be2-b855-05dae0a5213a
vllm-033,success,3,2.2512283758217526,01a0f5a3-c2a9-7862-b2bb-ca00ce7a4ca6
vllm-034,never-reached,0,,
vllm-035,success,4,6.066849746445782,01a0f5aa-3f39-7872-98a5-c465699b8550
vllm-036,success,1,5.931038028042308,01a0f5b2-aa60-7ef2-bd1d-9dcb6c768d67
vllm-037,success,2,0.0,01a0f5b4-c791-7213-84f6-a26de80cb330
vllm-038,exhausted,10,43.70279427783896,01a0f5b9-b937-7a62-99e9-864c98f3f648
vllm-039,success,1,1.841862912774635,01a0f5d0-66b5-7451-bbaf-0a0864399c22
vllm-040,success,1,0.0,01a0f5d1-21fb-7ff1-94ae-15e81aec0eaa
vllm-041,success,1,5.446494842722224,01a0f5d3-4d69-7bc0-953f-87eca9c20fbd
vllm-042,exhausted,10,10.138771710354057,01a0f5d5-d436-7d02-9dfd-181f232f669e
vllm-043,success,2,9.912742204542537,01a0f5eb-5051-7213-886c-f08ce8d4eee2
vllm-044,exhausted,10,99.75677221617225,01a0f5ec-c8df-75c2-8b29-caecfd418c66
vllm-045,exhausted,10,10.391480296831102,01a0f602-ff0c-7da0-8906-8dfad287f1b1
vllm-046,exhausted,10,17.64013967678844,01a0f619-0dc7-7963-8def-cf227a75c2c3
vllm-047,exhausted,10,38.733773280539666,01a0f62b-330f-7cc3-b0e9-a0a554a1aa68
vllm-048,success,2,9.512714237705836,01a0f642-7f6c-7993-9977-db2c529131a6
vllm-049,success,2,0.0,01a0f643-5db0-7492-af9a-6f386e83ff86
vllm-050,success,2,1.7795022745517795,01a0f644-3b97-7d42-8feb-898a13a7d4f1
vllm-051,success,2,3.9454550001965134,01a0f645-3df5-74e2-b7aa-d42dd3c6dd89
vllm-052,success,1,8.845694504105197,01a0f646-a81c-7d12-ad08-22dcdc3a9b32
vllm-053,never-reached,0,,
vllm-054,exhausted,10,24.765124670849453,01a0f648-2df4-70a3-adcd-1cad5890468d
vllm-055,exhausted,10,86.7958486381531,01a0f661-6853-76e1-9a26-9c91ac56075e
vllm-056,success,1,9.893559743218058,01a0f67b-8bc5-7d83-9d22-0a23784f1c06
vllm-057,success,2,3.0918548525667395,01a0f680-b8b8-7b41-b85c-93daf6b57752
vllm-058,never-reached,0,,
vllm-059,success,1,0.4090434782608696,01a0f68b-e80f-75f1-a290-9869b2585ee3
vllm-060,success,2,6.476995883621293,01a0f68e-58ab-7a31-bab5-e9c48e574540
vllm-061,success,3,8.023614825149531,01a0f693-cb0c-7a53-92b5-ec8a8394846c
vllm-062,success,3,3.4987947633550323,01a0f69a-a3ac-7aa0-8ca1-31bf7ba0e4e6
vllm-063,exhausted,10,32.18449907583696,01a0f6a1-073c-7bc3-bf0f-50f25b0c9b5f
vllm-064,success,4,2.5483402257740027,01a0f6b7-c49a-7d82-a857-7c7dfe5b529c
vllm-065,success,2,9.791532344723834,01a0f6bf-a8fd-7ea0-b9e4-ff313834c0f1
vllm-066,exhausted,10,56.002227935780546,01a0f6c4-9b50-7fa2-8aa4-9962744ddbad
vllm-067,success,1,5.487653237665168,01a0f724-9177-7372-b255-dab62f90844a
